<component name="ProjectRunConfigurationManager">
  <configuration default="false" name="TestAllDebug" type="tests" factoryName="py.test" singleton="false">
    <module name="autowhitereimu" />
    <option name="INTERPRETER_OPTIONS" value="" />
    <option name="PARENT_ENVS" value="true" />
    <option name="SDK_HOME" value="C:\Python37\python.exe" />
    <option name="WORKING_DIRECTORY" value="$PROJECT_DIR$" />
    <option name="IS_MODULE_SDK" value="false" />
    <option name="ADD_CONTENT_ROOTS" value="true" />
    <option name="ADD_SOURCE_ROOTS" value="true" />
    <EXTENSION ID="PythonCoverageRunConfigurationExtension" runner="coverage.py" />
    <option name="_new_keywords" value="&quot;&quot;" />
    <option name="_new_additionalArguments" value="&quot;--log-cli-level DEBUG&quot;" />
    <option name="_new_target" value="&quot;$PROJECT_DIR$/tests&quot;" />
    <option name="_new_targetType" value="&quot;PATH&quot;" />
    <method v="2" />
  </configuration>
</component>